NAME,SYMBOL,LAST,CHANGE,%CHANGE,YTD %CHG,52WK%CHG,YIELD,PE,50 D MA,200 D MA,ANNUAL H,ANNUAL L,VLM,VLM CROSSES 50 D AVG VLM (H or L),
Apple,AAPL,144.14,0.47,0.33,24.452,50.293,1.748,16.86,149.23,129.79,156.65,94.3,11.37M,-17568400,
AbbVie,ABBV,72.56,0.08,0.11,15.874,17.073,3.528,18.8,67.76,63.68,73.67,55.06,1.5M,-4410745.5,
ACN,ACN,124.23,1.24,1.01,6.062,8.562,1.948,22.03,123.01,119.56,128.47,108.83,1.04M,-1185323.75,
Automatic Data Processing,ADP,102.66,1.2,1.18,-0.117,10.439,2.221,26.53,101.06,98.09,105.68,85.48,1.18M,-1446693.75,
American Electric Power Company,AEP,69.79,0.19,0.27,10.848,-0.699,3.382,49.15,69.92,65.29,72.97,57.89,814K,-1686554.25,
Aetna,AET,151.88,0.1,0.07,22.474,24.277,1.317,47.31,144.17,127.89,155.15,104.59,574K,-1823172,
AFLAC,AFL,77.5,-0.1,-0.13,11.351,7.539,2.219,12.58,75.57,72.13,79.86,66.5,569K,-1126830.25,
Federal Agricultural Mortgage,AGM,65,-1.45,-2.18,13.497,90.839,2.215,9.59,61.69,54.66,68.65,33.6,21K,-52060.1,
Actavis Generics,AGN,243.86,-0.16,-0.07,16.118,5.595,0.287,NA,234.16,225.87,261.27,184.5,644K,-1763017.5,
American International Group,AIG,62.32,-1.18,-1.86,-4.578,20.061,2.054,194.75,62.48,62.75,67.47,50.2,3.13M,-3713885,
Allstate,ALL,88.29,0.16,0.18,19.118,25.99,1.676,14.91,85.57,77.28,90.74,66.55,534K,-1361441.88,
Advanced Micro Devices,AMD,12.56,-0.04,-0.32,10.758,145.136,0,NA,11.96,10.78,15.55,4.82,44.75M,-37718616,
Amgen,AMGN,172.33,-0.22,-0.13,17.872,13.434,2.669,16.37,162.47,160.45,184.21,133.64,1.1M,-2542551.5,
American Tower Corporation,AMT,132.83,0.01,0.01,25.691,16.909,1.927,64.48,129.34,115.23,137.12,99.72,646K,-1326325.5,
TD Ameritrade,AMTD,42.77,0.14,0.33,-1.904,49.745,1.683,26.57,38.99,39.61,47.41,26.37,1.25M,-1279435.5,
Amazon.com,AMZN,974.93,-0.3,-0.03,30.008,36.375,0,183.25,966.96,852.84,1017,710.1,1.73M,-2189633.5,
Aon Rg,AON,132.55,-0.29,-0.22,18.847,21.615,1.086,25.94,128.07,117.27,137.27,105.35,520K,-746306.13,
A. O. Smith,AOS,56.32,0.37,0.66,18.944,27,0.994,29.18,54.87,50.4,57.58,42.83,215K,-650055.44,
Anadarko Petroleum Corporation,APC,45.31,0.06,0.12,-35.021,-15.023,0.441,NA,51.07,61.45,73.33,43.45,2.06M,-3837662,
Air Products & Chemicals,APD,142.27,0.5,0.35,-1.078,7.96,2.671,9.84,143.77,140.74,150.45,126.94,210K,-1086827,
Arena Pharmaceuticals,ARNA,16.93,0.42,2.54,1091.549,866.082,0,NA,3.89,2.12,17.75,1.13,248K,-1763906.25,
AptarGroup,ATR,87.22,0.73,0.84,18.747,9.301,1.468,26.35,83.58,77.18,87.93,70.32,78K,-212060.09,
Activision,ATVI,57.75,0.18,0.31,59.956,45.294,0.519,43.76,56.65,46.2,61.58,35.12,2.56M,-4359032,
AvalonBay Communities,AVB,192.57,0.56,0.29,8.704,6.442,2.95,25.64,192.32,179.57,199.52,158.32,184K,-542794.81,
American Express,AXP,84.13,0.5,0.6,13.566,37.64,1.521,15.24,79.5,74.7,85.39,58.25,1.48M,-2072704.5,
Allianz,AZSEY,19.73,-0.095,-0.48,19.721,37.674,3.096,,19.235,17.249,20.02,13.11,108K,-156425.63,
Boeing,BA,198.41,0.95,0.48,27.447,52.044,2.863,24.31,187.98,164.9,204.39,123.96,875K,-2136300.25,
Alibaba Group,BABA,141.38,0.57,0.4,61.007,77.053,0,57.41,126.42,106.93,148.29,77.68,7.43M,-10356781,
Bank of America,BAC,24.3,-0.02,-0.08,9.955,83.271,1.235,15.38,23.38,21.65,25.8,12.45,44.56M,-36805575,
BASF,BASFY,92.8,-1.09,-1.16,0.248,22.412,2.606,12.49,96.35,92.51,100.92,72.34,47K,-893.42,
Bayer,BAYRY,129.49,-5.56,-4.12,24.175,34.178,1.666,23.57,129.83,111.76,139.04,91.53,102K,25790.94,
Best Buy,BBY,57.77,0.51,0.89,35.388,87.124,2.354,15.49,54.53,46.24,61.95,29.79,1.02M,-3512368.5,
Baidu,BIDU,178.78,-0.84,-0.47,8.765,8.768,0,39.64,182.95,176.54,197.8,155.28,1.15M,-1567660.75,
BlackRock,BLK,423.23,-0.01,0,11.218,23.563,2.363,20.8,402.32,381.33,430.84,329.58,176K,-435245.5,
BMW,BMWYY,31.15,-0.41,-1.3,0.451,,2.95,,31.707,30.196,32.93,23.65,46K,-29814.48,
Bristol-Myers Squibb,BMY,56.02,0.2,0.36,-4.141,-24.106,2.785,19.45,54.66,54.69,77.12,46.01,1.75M,-6498982,
Berkshire Hathaway,BRK'B,169.36,0.06,0.04,3.915,16.928,0,18.51,166.52,161.35,177.86,140.95,1.36M,-2173156.5,
Anheuser-Busch,BUD,110.33,-0.33,-0.3,4.638,-15.963,3.531,153.24,115.61,112.51,136.08,98.28,699K,-878094.38,
Buffalo Wild Wings,BWLD,127.35,-1.55,-1.2,-17.487,-7.197,0,27.58,148.99,152.55,175.1,126.3,145K,-367674.28,
Citigroup,C,67.01,0.04,0.05,12.755,58.009,0.955,13.48,61.77,57.35,67.75,40.03,8.51M,-8482651,
Caterpillar,CAT,106.95,1.31,1.24,15.322,39.348,2.917,NA,103.12,94.79,108.18,73.46,1.71M,-3467929,
Chubb,CB,144.97,--,0,9.726,10.91,1.959,14.3,141.49,133.62,148.32,121.48,415K,-992846.25,
Cracker Barrel,CBRL,167.61,-0.34,-0.2,0.389,-2.059,4.951,20.27,164.01,156.56,175.04,130.15,66K,-182343.63,
Crown Castle International,CCI,100.03,--,0,15.282,-1.38,3.799,86.23,98.92,91.84,104.68,79.38,461K,-1816387.25,
Carnival ,CCL,65.69,0.54,0.83,26.181,47.398,2.436,17.47,63.19,55.46,67.3,43.06,1.21M,-1903844.5,
Celgene,CELG,129.91,-1.78,-1.35,12.233,33.529,0,49.02,121.9,117.1,135.18,96.93,2.06M,-2115027.5,
Global Water Index,CGW,32.57,0.06,0.18,14.482,8.403,1.443,,32.52,30.43,33.19,28.27,40K,-20336.08,Global Water Index
Chesapeake Energy,CHK,4.95,-0.01,-0.2,-29.487,15.888,0,NA,5.22,6.04,8.2,4.13,12.7M,-27179961,
China Mobile,CHL,53.01,0.32,0.61,1.106,-8.998,4.447,13.22,54.27,55.86,63.89,51.73,132K,-368541.22,
China Construction Bank,CICHF,0.79,0.01,1.28,5.333,13.814,,,0.8062,0.7759,0.845,0.6403,3K,-29590.58,
Colgate-Palmolive,CL,74.25,0.13,0.18,13.463,1.257,2.155,26.81,74.39,71.05,77.27,63.43,1.34M,-2229149,
The Clorox Company,CLX,133.48,0.26,0.2,11.215,-3.736,2.517,26.33,135.11,127.24,141.76,111.24,228K,-480839.06,
Comcast,CMCSA,39.04,0.17,0.44,13.094,19.251,1.614,20.77,39.87,36.4,42.18,30.02,6.79M,-12238271,
Chipotle Mexican Grill,CMG,417,-2.18,-0.52,10.516,4.077,0,126.75,466.37,423.09,499,352.96,359K,-574192.75,
Comtech Telecommunications,CMTL,18.87,-0.28,-1.46,59.325,49.221,2.118,37.76,15.83,12.92,19.8,9.52,38K,-214113.55,
Capital One,COF,81.94,0.47,0.58,-6.075,28.279,1.953,12.45,80.76,82.83,96.92,59.66,916K,-2167873,
ConocoPhillips,COP,43.92,-0.16,-0.36,-12.405,1.101,2.413,NA,46.05,46.62,53.17,38.8,3.23M,-4978079.5,
Costco,COST,158.95,0.27,0.17,-0.718,1.044,1.258,27.55,173.26,163.36,183.18,142.11,1.2M,-2326644,
Copper Index,CPER,17.38,0.14,0.78,6.3,18.897,0,,16.72,16.53,19,13,104,-4311.98,Copper Index
Chesapeake Utilities,CPK,74.97,-0.13,-0.18,11.979,13.478,1.734,27.66,73.81,67.45,77.75,57.63,12K,-44178.48,
Camden Property Trust,CPT,86.04,0.13,0.15,2.343,-2.839,3.487,9.57,84.28,82.08,90.91,75.36,106K,-410562.38,
Salesforce.com,CRM,87.04,0.24,0.27,27.14,9.306,0,435.18,87.87,79.33,91.99,66.43,2.04M,-2845213.5,
Cisco Systems,CSCO,31.35,-0.05,-0.16,3.739,9.481,3.7,15.75,32.52,31.8,34.6,28.07,9.99M,-12542948,
CSX Corporation,CSX,54.32,0.5,0.93,51.183,106.365,1.473,29.68,52.38,42.61,55.06,25.25,1.97M,-6236364.5,
CVS Health,CVS,79.89,-0.38,-0.47,1.242,-16.158,2.503,16.64,79.21,80.55,98.66,69.3,1.4M,-5429333,
Chevron ,CVX,104.12,--,0,-11.538,-0.677,4.149,68.05,105.54,108.4,119,97.53,1.75M,-3819275.5,
Dominion Energy,D,77.04,-0.02,-0.03,0.588,-1.116,3.92,21.58,78.85,75.96,81.65,69.51,1.02M,-1461175,
Donaldson Company,DCI,45.4,0.42,0.93,7.89,30.908,1.542,27.19,46.34,42.58,48.91,33.35,98K,-464829.56,
DuPont,DD,80.64,0.18,0.22,9.864,24.167,1.885,29.54,80.11,75.57,83.93,61.12,972K,-1583478.5,
3D Systems,DDD,19.25,-0.93,-4.63,44.846,47.48,0,NA,19.96,16.44,23.7,11.98,2.03M,-1112305,
Deckers Outdoor ,DECK,68.37,0.47,0.69,23.434,18.046,0,455.8,63.84,58.68,72.72,44,196K,-516397.69,
Walt Disney ,DIS,106.26,0.55,0.52,1.957,8.066,1.468,18.51,108.68,104.82,116.1,90.32,2.42M,-5089373,
Dollar Tree,DLTR,69.86,0.15,0.22,-9.471,-26.008,0,19.14,77.28,78.34,99.93,65.63,1.26M,-1970082.75,
Daimler AG,DMLRY,72.56,-0.76,-1.04,,,3.486,,73.98,73.94,78.1,69,32K,12449.04,
Dow Chemical,DOW,63,0.29,0.46,10.101,26.152,2.921,16.03,62.79,59.18,65.47,47.51,1.56M,-4255899,
Duke Energy,DUK,83.86,-0.17,-0.2,8.039,-2.052,4.078,26.79,84.43,80.08,87.75,72.34,1.53M,-1030035,
Electronic Arts,EA,106.64,-0.03,-0.03,35.399,40.813,0,34.62,106.27,89.08,116.04,73.23,1.16M,-2375504,
eBay,EBAY,34.82,0.31,0.9,17.312,47.416,0,4.99,34.24,32.06,36.5,23.25,4.53M,-4480388,
Ecolab,ECL,132.68,1.23,0.94,13.189,10.835,1.115,31.29,130.06,122.54,134.89,110.65,261K,-733891.19,
Edison International,EIX,78.73,0.57,0.73,9.362,0.631,2.756,18.39,80.09,75.38,82.82,67.44,883K,-753914.63,
EOG Resources,EOG,89.9,-0.1,-0.11,-11.078,7.888,0.745,NA,90.99,96.09,109.37,78.04,1.27M,-2123875.5,
Equinix REIT,EQIX,425.94,4.66,1.11,19.261,8.653,1.877,152.78,429.22,382.6,447.26,314.55,202K,-315253.59,Equinix REIT
Eaton Vance,EV,47.34,0.08,0.17,13.037,33.729,2.366,20.85,45.97,42.75,49.03,34.05,173K,-454692.44,
Exelon,EXC,36.21,0.37,1.03,2.029,-1.43,3.618,17.16,35.6,34.82,37.7,29.82,1.9M,-3210288,
Expedia,EXPE,149.09,1.01,0.68,31.638,39.332,0.751,76.08,143.17,126.96,156.39,103.93,677K,-1163486.63,
Ford,F,11.23,0.06,0.54,-7.42,-11.138,5.343,12.08,11.14,11.92,14.04,10.67,20.03M,-20749075,
Facebook,FB,151.17,0.13,0.09,31.404,32.167,0,39.99,150.48,134.55,156.5,112.97,8.31M,-10002846,
FedEx,FDX,217.39,2.16,1,16.751,41.804,0.92,19.66,198.59,189.13,217.33,149.01,530K,-1040116,
F5 Networks,FFIV,127.6,0.29,0.23,-11.768,11.841,0,21.72,129.63,135.37,149.5,110.86,277K,-621615.94,
Floor & Decor ,FND,39.27,-1.43,-3.51,,,0,84.27,38.97,38.97,46.99,29.37,321K,-234981.31,
First Solar,FSLR,39.93,-0.15,-0.37,24.462,-17.327,0,NA,35.52,34.1,49.5,25.56,501K,-2874695,
General Dynamics,GD,196.9,-0.06,-0.03,14.039,41.454,1.706,20.28,197.86,179.51,205.17,135.81,399K,-671108.5,
General Electric ,GE,26.92,-0.1,-0.37,-14.81,-14.168,3.566,27.47,28.32,29.72,33,26.79,10.39M,-29405521,
Graco,GGG,109.39,0.57,0.52,31.652,37.764,1.316,103.19,109.33,90.62,114.65,69.33,185K,-135630,
Gilead Sciences,GILD,70.67,-0.18,-0.25,-1.299,-15.056,2.943,7.47,66.47,71,88.85,63.76,3.52M,-5584283,
Gold,GLD,118.17,-0.15,-0.13,7.81,-6.444,0,,119.45,117.92,131.15,107,3.26M,-4529493,Gold
General Motors,GM,34.98,0.12,0.36,0.402,23.18,4.345,5.42,33.95,34.5,38.55,27.52,4.97M,-8357904,
GameStop,GME,21.71,0.1,0.44,-14.054,-18.698,7.003,6.42,22.68,24.15,32.67,20.1,457K,-2478729,
Alphabet (Google),GOOG,914.35,-2.83,-0.31,18.52,32.609,0,30.97,936.21,834.02,988.25,683.65,1.11M,-599848,
Canada Goose,GOOS,19.68,-0.02,-0.1,,,0,,19.04,18.15,24.32,15.2,737K,-250642.75,
Goldman Sachs,GS,222.31,-2.1,-0.94,-7.158,51.036,1.349,11.81,221.44,218.4,255.15,142.62,1.54M,-1875298.25,
W. W. Grainger,GWW,179.48,0.52,0.29,-22.721,-21.25,2.853,18.35,180.72,219.44,262.71,168.58,264K,-725641.56,
Hyatt Hotels,H,56.37,-0.08,-0.14,2.009,14.876,0,31.14,57.28,54.16,59.3,47.83,114K,-648280.81,
Halliburton,HAL,42.44,0.02,0.05,-21.538,-6.337,1.697,NA,45.19,49.37,58.78,40.12,2.44M,-7823040,
Welltower,HCN,74.6,0.1,0.13,11.46,-2.192,4.665,23.02,73.21,69.3,80.19,59.39,644K,-1121798.38,
Home Depot,HD,153.27,1.11,0.73,14.312,19.164,2.323,22.94,154.9,140.39,160.86,119.2,1.17M,-3350269,
RANGER EQUITY BEAR ETF,HDGE,8.56,-0.01,-0.12,-7.459,-19.189,0,,8.76,9.13,10.91,8.49,147K,-51147.38,RANGER EQUITY BEAR ETF
Hilton Hotels,HLT,62.57,0.32,0.51,8.817,30.693,0.959,184.03,63.46,56.68,67.79,46.09,913K,-2887215.25,
Hon Hai Precision,HNHPF,7.75,-0.02,-0.26,53.465,55.711,5.164,,6.995,6.138,7.773,4.84,128,-1654.72,
At Home,HOME,23.05,0.29,1.27,57.553,,0,46.1,19.7,15.49,24.03,10.19,63K,-135556.73,
Honeywell,HON,133.2,0.88,0.67,14.976,14.406,1.997,21.11,132.22,121.3,135.9,105.25,588K,-2389138.5,
Hertz,HTZ,11.47,0.05,0.44,-46.8,-66.461,0,NA,11.58,22.33,53.14,8.52,5.22M,-2371495,
International Business Machines,IBM,154.19,0.06,0.04,-7.109,1.548,3.891,12.68,154.59,163.59,182.79,147.79,2.2M,-2176845.5,
Industrial and Commercial Bank of China,IDCBY,12.72,-0.02,-0.16,7.432,15.818,4.419,,13.18,12.618,13.87,10.599,128K,97620.1,
7-10 Year Treasury Bond ETF,IEF,106.8,-0.06,-0.06,1.889,-5.394,1.756,,106.91,106.76,113.91,103.43,517K,-1526628.63,7-10 Year Treasury Bond ETF
Global Infrastructure ETF,IGF,43.84,-0.01,-0.02,12.423,8.453,2.893,,44,41.18,45.48,37.33,29K,-180874.81,Global Infrastructure ETF
Intel,INTC,33.73,0.19,0.57,-6.975,2.256,3.231,14.67,35.81,36.01,38.45,31.97,12.24M,-10234967,
International Paper,IP,56.53,0.85,1.52,6.54,31.383,3.273,30.07,53.96,51.44,58.86,40.99,554K,-1907878.75,
Illinois Tool Works,ITW,143.04,1.42,1,16.805,35.964,1.818,24.04,141.27,129.05,150.29,102.14,435K,-883218.5,
US Telecommunications ETF,IYZ,32.21,-0.09,-0.28,-6.638,-3.003,2.851,,33.05,33.04,36.74,29.31,242K,-252843.91,US Telecommunications ETF
JetBlue Airways,JBLU,22.87,0.02,0.09,2.007,37.983,0,12.3,22.21,20.48,23.37,15.7,871K,-3972668.5,
Johnson & Johnson,JNJ,132.61,-0.03,-0.02,15.103,9.349,2.534,22.29,128.25,120.64,137,109.32,1.75M,-4046776.5,
JPMorgan Chase,JPM,91.25,0.1,0.11,5.748,46.685,2.192,14.06,86.28,82.41,93.98,58.76,7.91M,-6427181,
Nordstrom,JWN,48.02,0.46,0.97,0.188,24.993,3.082,22.54,45.43,48.37,62.82,36.79,625K,-2925892.5,
Kellogg's,K,69.5,0.81,1.17,-5.712,-15.873,2.993,31.59,71.47,73.38,87.16,68.56,672K,-1699372,
Kinder Morgan,KMI,19.03,--,-0.03,-8.112,1.709,2.627,61.4,19.51,21.03,23.36,17.95,4.56M,-8416073,
Coca-Cola ,KO,45.06,0.24,0.52,8.683,-1.103,3.284,31.51,44.5,42.49,46.06,39.88,2.98M,-8567101,
Layne Christensen ,LAYN,8.85,0.12,1.37,-18.307,7.778,0,NA,8.04,9.14,11.42,6.98,41K,-93828.78,
Lockheed Martin,LMT,277.38,0.65,0.23,10.979,11.508,2.625,16.12,276.06,260.81,284.98,228.5,325K,-614265.75,
Lowe's,LOW,77.5,0.9,1.18,8.971,-3.246,2.116,24.37,81.77,76.03,86.25,64.87,2.21M,-3772780.5,
LyondellBasell,LYB,84.49,0.72,0.86,-1.504,12.564,4.261,9.7,81.92,85.54,97.64,71.48,702K,-2245217.75,
Mastercard,MA,122.16,0.65,0.53,18.315,37.985,0.72,31.9,120.13,109.89,126.19,86.65,1.24M,-2082972.25,
Marriott International,MAR,100.81,0.6,0.6,21.916,50.782,1.31,36.26,102.05,86.09,110.51,64.88,726K,-2077899.25,
McDonald's,MCD,153.43,0.3,0.2,26.052,27.248,2.451,27.11,147.66,128.14,155.46,110.33,898K,-2742831.25,
McKesson,MCK,164.61,0.97,0.59,17.202,-12.328,0.68,6.89,153.31,149.5,199.43,114.53,478K,-1323815.63,
Medtronic,MDT,88.82,0.11,0.12,24.695,2.236,2.072,30.73,85.19,80.7,89.72,69.35,1.24M,-3262975.5,
Marsh & McLennan Companies,MMC,77.69,0.03,0.04,14.943,13.439,1.931,21.82,76.06,71.01,80.47,62.33,793K,-1030707.25,
3M,MMM,208.12,0.27,0.13,16.548,18.69,2.258,25.17,202.26,184.7,214.57,163.85,561K,-1377911.75,
Altria,MO,74.57,0.17,0.24,10.278,7.889,3.272,10.09,73.44,69.51,77.79,60.82,2.07M,-3758339.5,
Monsanto,MON,118.34,0.34,0.29,12.48,14.109,1.825,25.61,116.9,109.48,118.87,97.35,6.84M,5119044.75,
Merck & Co.,MRK,64.19,-0.15,-0.23,9.037,11.682,2.929,29.31,63.99,62.86,66.8,56.91,2.67M,-6763279,
Marvell Technology Group ,MRVL,16.56,-0.27,-1.6,19.394,76.6,1.449,57.1,16.46,14.91,18.18,9.13,8.6M,1331123,
Morgan Stanley,MS,44.51,-0.24,-0.54,5.349,72.248,1.797,13.21,43.42,41.09,47.33,24.57,3.94M,-5693106,
MSA Safety,MSA,81.85,0.42,0.51,18.059,55.016,1.711,33.82,79.63,68.77,84.86,50.26,70K,-160559.95,
Microsoft Corporation,MSFT,69.08,0.59,0.86,11.168,33.848,2.258,30.57,69.41,63.82,72.89,50.39,11.72M,-15051440,
Motorola,MSI,86.93,0.13,0.15,4.874,31.575,2.163,24.01,85.1,81.28,89.15,64.05,486K,-599495.25,
Nordson ,NDSN,120.87,1.84,1.55,8.077,42.411,0.892,25.55,122.37,113.97,131.49,81.48,97K,-275026.13,
NextEra Energy,NEE,140.51,0.54,0.39,17.621,7.339,2.797,17.11,138.22,127.13,144.87,110.49,730K,-1159947.38,
Nestlé,NSRGY,87.16,-0.54,-0.62,21.494,13.439,2.199,17.64,82.8,76.04,89.4,66.08,561K,-298687.19,
National Fuel Gas,NFG,55.71,-0.14,-0.25,-1.642,-1.811,2.98,21.26,56.23,56.55,61.25,50.61,205K,-324466.63,
Nike,NKE,58.05,4.88,9.18,14.204,-3.678,1.24,23.13,53.49,53.53,60.33,49.01,25.86M,15646391,
Naspers,NPSNY,20.58,1.03,5.27,40.766,27.445,0.135,931.09,20.246,17.279,21.97,13.71,405K,179907.23,
Nvidia,NVDA,145.2,-1.48,-1.01,36.031,212.019,0.386,48.24,133.24,102.83,168.5,46.03,10.86M,-11350925,
Novo Nordisk,NVO,42.8,0.39,0.92,19.353,-21.142,2.626,18.92,41.4,37.62,57.41,30.89,731K,-1482211,
Crude Oil Total Return Index,OIL,4.79,0.08,1.63,-24.329,-24.64,0,,5.04,5.66,6.53,4.45,1M,-2306614,Crude Oil Total Return Index
Oracle ,ORCL,50.38,0.17,0.35,31.027,22.648,1.509,22.77,45.79,41.9,51.85,37.62,8.31M,-5112869,
O'Reilly Auto Parts,ORLY,216.84,0.8,0.37,-22.097,-20.31,0,19.77,243.03,264.49,292.84,215.76,661K,-839394.38,
Occidental Petroleum,OXY,59.83,0.03,0.06,-16.004,-20.858,5.081,NA,60.64,66.6,78.48,57.2,1.86M,-3337722.5,
Palladium Trust,PALL,80.32,-0.83,-1.02,23.171,40.861,0,,78.94,72.08,86.12,56.66,9K,-27861.96,Palladium Trust
Palo Alto Networks,PANW,134.59,-0.11,-0.08,7.629,9.834,0,NA,123.42,134.24,165.69,107.31,425K,-1615356.13,
Paychex,PAYX,57.04,0.36,0.64,-6.307,-4.723,3.226,25.24,58.87,59.03,63.03,52.78,1.05M,-960588.13,
Pacific Gas and Electric Company,PCG,66.57,0.47,0.72,9.544,3.411,3.184,18.14,67.39,63.59,70.32,57.6,1.24M,-1459456,
The Priceline Group,PCLN,1876.46,1.36,0.07,28.053,50.35,0,42.37,1848.4,1644.34,1927.13,1240.01,201K,-313180.22,
PepsiCo,PEP,115.83,0.65,0.56,10.704,8.722,2.78,25.02,115.22,108.74,118.24,98.5,1.27M,-2163205,
Pfizer,PFE,33.67,0.04,0.12,3.664,-4.487,3.802,28.53,33.04,32.94,37.39,29.83,4.57M,-17764779,
Procter & Gamble,PG,87.15,0.17,0.19,3.651,2.74,3.165,15.96,87.75,87.41,92,81.18,1.81M,-4947892.5,
Polaris Industries,PII,92.01,0.32,0.35,11.676,12.145,2.521,36.66,86.87,83.72,99,70.14,112K,-618764.88,
Prologis,PLD,58.7,0.01,0.02,11.195,19.678,2.998,26.21,56.05,52.49,59.49,45.93,1.23M,-1440186.5,
Philip Morris International,PM,118.23,1.15,0.98,29.227,15.1,3.519,26.16,116.32,103.53,123.55,86.78,936K,-2752867.25,
PPG Industries,PPG,109.69,0.04,0.04,15.756,5.281,1.459,33.54,108.87,101.62,113.49,89.64,286K,-993525.63,
PPL Corporation,PPL,38.81,0.15,0.39,13.979,2.411,4.071,14.54,38.95,35.92,40.2,32.08,843K,-2475330.25,
Platinum Trust,PPLT,88.11,0.1,0.12,1.967,-11.029,0,,89.51,92.03,113.77,85.31,46K,-9700.62,Platinum Trust
Prudential Financial,PRU,108.32,-0.06,-0.06,4.094,51.92,2.77,11,106.41,101.44,114.55,67.51,520K,-1441025.38,
Public Storage,PSA,207.9,0.33,0.16,-6.98,-18.788,3.848,29.53,212.7,216.68,260.83,200.65,213K,-839147.13,
Phillips 66,PSX,82.66,0.79,0.96,-4.34,3.189,3.387,25.67,78.73,80.65,88.87,73.67,797K,-1533269,
Astra International,PTAIY,13.5,-0.02,-0.15,10.656,21.473,1.326,,13.264,12.538,13.83,10.7,14K,-11914.04,
Praxair,PX,131.61,-0.06,-0.05,12.305,17.155,2.393,24.69,130.49,121.29,138.69,110.12,513K,-865784.75,
PayPal,PYPL,54.14,0.73,1.37,37.167,46.316,0,45.88,50.56,43.47,55.14,35.59,3.22M,-5539671,
Petrobras Argentina,PZE,12.08,0.12,0.99,72.08,90.446,0.607,26.26,12.31,9.01,13.47,4.66,7K,-35511.24,
Qualcomm,QCOM,55.39,0.32,0.58,-15.031,2.819,4.116,18.47,56.11,60.61,71.62,51.05,3.82M,-7269380,
Ferrari,RACE,86.42,0.47,0.55,48.641,109.993,0.79,33.65,84.21,65.9,91.94,38.8,237K,-334700.19,
Royal Dutch Shell,RDS'A,53.04,-0.15,-0.28,-2.464,-3.676,7.089,28.67,53.74,52.54,56.39,46.57,1.51M,-1818203.5,
Ross Stores,ROST,57.56,0.26,0.45,-12.241,1.076,1.112,19.72,62.23,64.81,69.81,55.22,986K,-2265500.5,
Red Robin,RRGB,65.9,-1.25,-1.86,16.844,41.788,0,99.85,64.87,53.99,74.11,40.85,110K,-344907.34,
Raytheon,RTN,160.92,1.29,0.81,13.324,18.007,1.982,20.76,160.03,149.49,165.32,132.89,360K,-1098816.13,
Sprint ,S,8.16,0.01,0.12,-3.088,79.912,0,NA,8.29,8.05,9.65,4.36,3.05M,-14461004,
Sanderson Farms,SAFM,115.94,-0.9,-0.77,23.048,34.892,0.828,11.91,118.65,99.33,129.5,74.07,102K,-290271.59,
Santander Group,SAN,6.66,-0.12,-1.84,28.571,72.959,3.444,15.11,6.6,5.53,6.99,3.63,5.32M,-3293889,
SAP,SAP,104.61,0.73,0.7,21.034,38.47,1.312,32.13,104.5,93.66,108.72,73.33,527K,-220660.44,
Starbucks,SBUX,58.59,0.24,0.41,5.53,2.171,1.707,29.15,61.08,57.25,64.87,50.84,3.19M,-5106426.5,
Charles Schwab ,SCHW,42.91,-0.1,-0.24,8.715,69.933,0.746,30.65,40.21,38.45,44.1,23.83,2.84M,-4682375,
Shake Shack,SHAK,34.87,-0.09,-0.26,-2.571,-4.035,0,65.79,36.49,35.13,42.94,30.36,148K,-716359,
Shiloh Industries,SHLO,11.76,-0.23,-1.92,70.333,64.609,0,25.87,12.58,10.4,16.69,6.5,31K,-69479.02,
Shopify,SHOP,87.77,1.37,1.58,104.735,180.884,0,NA,88.1,60.07,100.8,29.97,1.07M,-1419426.5,
Sherwin-Williams,SHW,352.62,-0.02,-0.01,31.212,20.08,0.964,27.66,340.79,299.11,362.57,239.48,265K,-344122.88,
1-3 Year Treasury Bond ETF,SHY,84.5,0.01,0.01,0.059,-0.973,0.768,,84.53,84.58,85.35,84.23,359K,-570869,1-3 Year Treasury Bond ETF
Siemens,SIEGY,68.9,0.04,0.06,12.563,34.243,2.063,36.89,71.13,64.03,73.42,48.5,76K,-94538.3,
Sirius XM,SIRI,5.45,0.07,1.3,22.472,35.696,0.734,36.33,5.1,4.75,5.53,3.91,16.34M,-11850805,
Schlumberger,SLB,65.46,0.08,0.12,-22.025,-17.324,3.055,NA,70.18,78.39,87.84,65.1,3.18M,-4958841,
Silver Trust,SLV,15.74,0.01,0.06,4.169,-11.951,0,,16.05,16.49,19.71,14.85,2.17M,-5020628,Silver Trust
Scotts Miracle-Gro ,SMG,89.22,1.74,1.99,-6.625,25.132,2.242,18.9,89.29,90.24,98.82,67.77,166K,-404162.06,
Snap,SNAP,17.94,0.05,0.28,,,0,NA,20.06,20.72,29.44,17,3.59M,-15870629,
Sanofi,SNY,47.96,-0.2,-0.42,18.595,15.078,3.421,12.08,48.44,42.88,50.24,36.81,582K,-1426637.25,
Southern Company,SO,48.08,-0.2,-0.42,-2.257,-9.957,4.825,17.68,50.26,49.76,54.64,46.2,2.47M,-2196451.5,
Simon Property Group,SPG,161.14,-1.44,-0.88,-9.304,-25.044,4.344,27.55,160.49,178.03,229.1,150.15,679K,-1479273.5,
Staples,SPLS,10.07,-0.02,-0.2,11.271,16.937,4.767,NA,9.28,8.98,10.25,7.24,26.3M,17909080,
S&P 500 Trust ETF,SPY,241.89,0.54,0.22,8.214,15.217,1.913,,240.81,229.1,245.01,206.56,28.86M,-42842930,S&P 500 Trust ETF
S&P® 500 Fossil Fuel Free ETF,SPYX,58.74,0.1,0.16,9.733,18.464,1.813,,58.46,55.33,59.75,49.73,2K,-5866.98,S&P® 500 Fossil Fuel Free ETF
Sempra Energy,SRE,113.32,0.33,0.29,12.599,-0.903,2.903,19.61,113.64,107.06,117.97,92.95,388K,-987404,
Samsung Electronics,SSNLF,2000,pc,0,,63.934,,16.27,1875,1585,2000,1250,0,-7.18,
AT&T,T,37.64,0.02,0.06,-11.498,-12.937,5.207,18.45,38.66,39.97,43.89,36.1,9.65M,-11783346,
Molson Coors Brewing ,TAP,86.51,0.05,0.06,-11.099,-14.506,1.896,NA,92.08,98.02,112.19,85.46,379K,-1810471.25,
Tencent,TCEHY,35.96,0.132,0.37,48.472,55.975,0.192,,34.039,28.477,37.07,22.26,4M,2217731.13,
TIPS Bond Fund (ETF),TIP,113.59,--,0,0.371,-2.64,2.053,,114.16,114.23,117.55,110.9,839K,-262867,TIPS Bond Fund (ETF)
Telkom Indonesia,TLK,33.72,0.07,0.21,15.638,9.502,2.611,,32.96,30.87,34.65,27.17,118K,-149998.13,
Toyota,TM,105.14,0.8,0.77,-10.29,4.35,3.555,10.01,107.04,113.04,123.18,98.48,116K,-138183.7,
T-Mobile,TMUS,60.29,--,0,4.851,39.358,0,31.41,65.52,58.78,68.88,42.71,1.55M,-2564617.5,
Total S.A.,TOT,49.42,-0.44,-0.89,-3.041,3.659,5.378,16.58,51.58,49.82,54.71,45.05,1.29M,-809864,
Tesla,TSLA,363.52,2.77,0.77,70.13,69.941,0,NA,336.25,256.26,386.99,178.19,4.63M,-2634232.5,
Taiwan Semiconductor Manufacturing,TSM,34.81,--,0.01,21.078,32.711,2.664,17.32,35.09,31.82,36.92,25.75,2.72M,-3766075.5,
Take-Two Interactive,TTWO,73.44,0.92,1.27,48.996,91.245,0,149.88,70.76,56.34,80.54,36.65,1.24M,-1151514.25,
Twitter,TWTR,17.97,0.32,1.81,10.245,4.376,0,NA,17.64,17.43,25.25,14.12,9.44M,-10846600,
Time Warner,TWX,100.46,0.68,0.68,4.071,35.681,1.603,19.17,99.07,93.73,100.6,71.7,2.28M,-1182488,
Texas Instruments,TXN,76.98,0.09,0.12,5.509,22.745,2.598,20.86,80.36,75.86,84.65,60.46,1.8M,-2934596,
Under Armour,UA,20.22,0.42,2.12,-19.666,-45.604,0,28.48,18.99,23.22,42.94,17.05,1.26M,-2445544.5,
Ulta Beauty,ULTA,285.05,-0.82,-0.29,11.873,17.337,0,40.06,293.98,269.45,314.86,225.13,209K,-545165.56,
Unilever,UN,55.13,0.31,0.57,34.267,16.766,2.602,27.29,54.8,46.63,57.73,38.41,1.09M,-607253.25,
UnitedHealth Group,UNH,185.12,-0.15,-0.08,15.671,31.211,1.621,23.05,177.36,161.15,188.66,132.39,679K,-2252876.5,
Union Pacific,UNP,108.46,0.57,0.52,4.61,23.656,2.231,20.7,109.66,103.97,115.15,84.8,1.22M,-2387661.75,
United Parcel Service,UPS,110.13,0.35,0.32,-3.934,1.912,3.015,28.1,107.17,109.53,120.44,102.12,670K,-2056032,
U.S. Bancorp,USB,51.88,0.1,0.19,0.993,28.391,2.159,15.67,51.68,50.26,56.61,38.63,2.99M,-3373429.5,
United Technologies ,UTX,122.15,0.5,0.41,11.43,18.625,2.292,19.03,120.46,111.23,123.09,97.62,745K,-2125607.25,
Visa,V,94.33,-0.09,-0.1,20.905,27.302,0.7,47.17,93.67,86.11,96.6,73.8,3.9M,-4583131,
Volkswagen ,VLKAY,31.13,-0.08,-0.26,8.524,15.379,1.037,5.37,31.599,30.212,33.75,25.9,77K,-104187.94,
Mid-Cap ETF,VO,142.57,0.31,0.22,8.311,15.069,1.465,,142.03,135.52,144.68,121.36,256K,-212686.59,Mid-Cap ETF
Total Stock Market ETF,VTI,124.49,0.21,0.17,7.952,15.976,1.914,,123.83,117.94,126.35,105.62,858K,-1237543.25,Total Stock Market ETF
Ventas,VTR,69.43,0.22,0.32,11.052,-4.957,4.465,35.24,66.8,64.44,76.8,56.2,496K,-1384817.38,
Verizon Communications,VZ,44.47,0.06,0.12,-16.692,-20.469,5.195,14.82,46.07,49.12,56.95,44.39,5.13M,-11029983,
Walgreens,WBA,77.41,-0.95,-1.21,-6.464,-5.884,1.938,19.5,82.3,82.84,88,75.18,3.15M,-1829919,
Wells Fargo,WFC,55.37,-0.41,-0.74,0.472,17.853,2.745,13.84,53.47,52.99,59.99,43.55,7.31M,-11555246,
Waste Management,WM,73.27,0.25,0.34,3.328,10.186,2.32,26.74,72.83,69.88,74.58,61.08,526K,-1156247.63,
Walmart,WMT,75.82,-0.11,-0.15,9.693,3.985,2.691,17.19,76.96,71.75,80.47,65.28,2.28M,-7122939,
Global Timber & Forestry ETF,WOOD,61.1,0.22,0.36,14.03,34.519,1.541,,60.29,55.35,62.64,44.44,3K,-11639.94,Global Timber & Forestry ETF
West Pharmaceutical Services,WST,94.43,0.01,0.01,11.317,24.433,0.551,38.86,94.83,84.18,99.91,70.17,102K,-226525.59,
Weyerhaeuser,WY,33.47,0.4,1.19,11.233,11.085,3.705,23.08,33.48,32.25,35.5,28.58,903K,-2528235,
Wynn Resorts,WYNN,134.65,1.91,1.44,55.797,46.47,1.484,51.25,128.05,106.07,139.67,82.51,743K,-1325952.75,
ExxonMobil,XOM,80.92,0.22,0.27,-10.348,-13.911,3.806,33.71,81.75,84.28,95.55,79.26,5.05M,-6647039,
